group,variable,value
Ninjas,FRETILN,0
Ninjas,HKBP,0
Ninjas,ETE,0
Ninjas,ETY,0
Ninjas,GAM,0
Ninjas,PIE,0
Ninjas,OPM,0
Ninjas,FALINTIL,0
Ninjas,NCMR,0
Ninjas,Irianese,0
Ninjas,Mob,0
Ninjas,Opposition,0
Ninjas,Youth,0
Ninjas,MM,0
Ninjas,Timorese S,0
Ninjas,MY,0
Ninjas,Timorese C,0
Ninjas,Muslims,0
Ninjas,Timorese G,0
Ninjas,PP,0
Ninjas,Aitarak,0
Ninjas,BMPM,0
Ninjas,AIE,0
Ninjas,PDR,0
Ninjas,Separatists,0
Ninjas,Mahidi,0
Ninjas,JI,0
Ninjas,Militia,0
Ninjas,Gunmen,0
Ninjas,KAK,0
Ninjas,ME,0
Ninjas,FPI,0
Ninjas,Dayak,0
Ninjas,Villagers,0
Ninjas,Mujahedin K,0
Ninjas,Laskar Jihad,0
Ninjas,Extremists,0
Ninjas,Mujahidin A,0
Ninjas,AGAP,0
Ninjas,JAT,0
Ninjas,MIT,0
Ninjas,WIM,0
Ninjas,JAD,0
Ninjas,CE,0
Ninjas,PPI,0
Ninjas,LT,0
Ninjas,ISIL,0
Ninjas,JIE,0
FRETILN,Ninjas,0
FRETILN,HKBP,2
FRETILN,ETE,2
FRETILN,ETY,2
FRETILN,GAM,1
FRETILN,PIE,0
FRETILN,OPM,0
FRETILN,FALINTIL,0
FRETILN,NCMR,0
FRETILN,Irianese,0
FRETILN,Mob,0
FRETILN,Opposition,0
FRETILN,Youth,0
FRETILN,MM,1
FRETILN,Timorese S,1
FRETILN,MY,0
FRETILN,Timorese C,0
FRETILN,Muslims,0
FRETILN,Timorese G,0
FRETILN,PP,0
FRETILN,Aitarak,0
FRETILN,BMPM,0
FRETILN,AIE,0
FRETILN,PDR,0
FRETILN,Separatists,0
FRETILN,Mahidi,0
FRETILN,JI,0
FRETILN,Militia,0
FRETILN,Gunmen,0
FRETILN,KAK,0
FRETILN,ME,0
FRETILN,FPI,0
FRETILN,Dayak,0
FRETILN,Villagers,0
FRETILN,Mujahedin K,0
FRETILN,Laskar Jihad,0
FRETILN,Extremists,0
FRETILN,Mujahidin A,0
FRETILN,AGAP,0
FRETILN,JAT,0
FRETILN,MIT,0
FRETILN,WIM,0
FRETILN,JAD,0
FRETILN,CE,0
FRETILN,PPI,0
FRETILN,LT,0
FRETILN,ISIL,0
FRETILN,JIE,0
HKBP,Ninjas,0
HKBP,FRETILN,2
HKBP,ETE,2
HKBP,ETY,1
HKBP,GAM,1
HKBP,PIE,1
HKBP,OPM,1
HKBP,FALINTIL,1
HKBP,NCMR,0
HKBP,Irianese,0
HKBP,Mob,0
HKBP,Opposition,0
HKBP,Youth,0
HKBP,MM,0
HKBP,Timorese S,0
HKBP,MY,0
HKBP,Timorese C,0
HKBP,Muslims,0
HKBP,Timorese G,0
HKBP,PP,0
HKBP,Aitarak,0
HKBP,BMPM,0
HKBP,AIE,0
HKBP,PDR,0
HKBP,Separatists,0
HKBP,Mahidi,0
HKBP,JI,0
HKBP,Militia,0
HKBP,Gunmen,0
HKBP,KAK,0
HKBP,ME,0
HKBP,FPI,0
HKBP,Dayak,0
HKBP,Villagers,0
HKBP,Mujahedin K,0
HKBP,Laskar Jihad,0
HKBP,Extremists,0
HKBP,Mujahidin A,0
HKBP,AGAP,0
HKBP,JAT,0
HKBP,MIT,0
HKBP,WIM,0
HKBP,JAD,0
HKBP,CE,0
HKBP,PPI,0
HKBP,LT,0
HKBP,ISIL,0
HKBP,JIE,0
ETE,Ninjas,0
ETE,FRETILN,2
ETE,HKBP,2
ETE,ETY,2
ETE,GAM,1
ETE,PIE,1
ETE,OPM,2
ETE,FALINTIL,1
ETE,NCMR,0
ETE,Irianese,0
ETE,Mob,0
ETE,Opposition,0
ETE,Youth,1
ETE,MM,1
ETE,Timorese S,1
ETE,MY,1
ETE,Timorese C,1
ETE,Muslims,1
ETE,Timorese G,1
ETE,PP,0
ETE,Aitarak,0
ETE,BMPM,0
ETE,AIE,0
ETE,PDR,0
ETE,Separatists,0
ETE,Mahidi,0
ETE,JI,0
ETE,Militia,0
ETE,Gunmen,0
ETE,KAK,0
ETE,ME,0
ETE,FPI,0
ETE,Dayak,0
ETE,Villagers,0
ETE,Mujahedin K,0
ETE,Laskar Jihad,0
ETE,Extremists,0
ETE,Mujahidin A,0
ETE,AGAP,0
ETE,JAT,0
ETE,MIT,0
ETE,WIM,0
ETE,JAD,0
ETE,CE,0
ETE,PPI,0
ETE,LT,0
ETE,ISIL,0
ETE,JIE,0
ETY,Ninjas,0
ETY,FRETILN,2
ETY,HKBP,1
ETY,ETE,2
ETY,GAM,1
ETY,PIE,0
ETY,OPM,0
ETY,FALINTIL,0
ETY,NCMR,0
ETY,Irianese,0
ETY,Mob,0
ETY,Opposition,0
ETY,Youth,0
ETY,MM,1
ETY,Timorese S,1
ETY,MY,0
ETY,Timorese C,0
ETY,Muslims,0
ETY,Timorese G,0
ETY,PP,0
ETY,Aitarak,0
ETY,BMPM,0
ETY,AIE,0
ETY,PDR,0
ETY,Separatists,0
ETY,Mahidi,0
ETY,JI,0
ETY,Militia,0
ETY,Gunmen,0
ETY,KAK,0
ETY,ME,0
ETY,FPI,0
ETY,Dayak,0
ETY,Villagers,0
ETY,Mujahedin K,0
ETY,Laskar Jihad,0
ETY,Extremists,0
ETY,Mujahidin A,0
ETY,AGAP,0
ETY,JAT,0
ETY,MIT,0
ETY,WIM,0
ETY,JAD,0
ETY,CE,0
ETY,PPI,0
ETY,LT,0
ETY,ISIL,0
ETY,JIE,0
GAM,Ninjas,0
GAM,FRETILN,1
GAM,HKBP,1
GAM,ETE,1
GAM,ETY,1
GAM,PIE,1
GAM,OPM,4
GAM,FALINTIL,0
GAM,NCMR,0
GAM,Irianese,0
GAM,Mob,0
GAM,Opposition,0
GAM,Youth,0
GAM,MM,0
GAM,Timorese S,0
GAM,MY,0
GAM,Timorese C,0
GAM,Muslims,1
GAM,Timorese G,0
GAM,PP,1
GAM,Aitarak,1
GAM,BMPM,2
GAM,AIE,1
GAM,PDR,1
GAM,Separatists,3
GAM,Mahidi,1
GAM,JI,6
GAM,Militia,1
GAM,Gunmen,3
GAM,KAK,1
GAM,ME,3
GAM,FPI,1
GAM,Dayak,1
GAM,Villagers,1
GAM,Mujahedin K,1
GAM,Laskar Jihad,2
GAM,Extremists,1
GAM,Mujahidin A,0
GAM,AGAP,0
GAM,JAT,0
GAM,MIT,0
GAM,WIM,0
GAM,JAD,0
GAM,CE,0
GAM,PPI,0
GAM,LT,0
GAM,ISIL,0
GAM,JIE,0
PIE,Ninjas,0
PIE,FRETILN,0
PIE,HKBP,1
PIE,ETE,1
PIE,ETY,0
PIE,GAM,1
PIE,OPM,2
PIE,FALINTIL,1
PIE,NCMR,0
PIE,Irianese,0
PIE,Mob,0
PIE,Opposition,0
PIE,Youth,0
PIE,MM,0
PIE,Timorese S,0
PIE,MY,0
PIE,Timorese C,0
PIE,Muslims,0
PIE,Timorese G,0
PIE,PP,0
PIE,Aitarak,0
PIE,BMPM,1
PIE,AIE,0
PIE,PDR,0
PIE,Separatists,1
PIE,Mahidi,1
PIE,JI,0
PIE,Militia,0
PIE,Gunmen,0
PIE,KAK,0
PIE,ME,0
PIE,FPI,0
PIE,Dayak,0
PIE,Villagers,0
PIE,Mujahedin K,0
PIE,Laskar Jihad,0
PIE,Extremists,0
PIE,Mujahidin A,0
PIE,AGAP,0
PIE,JAT,0
PIE,MIT,0
PIE,WIM,0
PIE,JAD,0
PIE,CE,0
PIE,PPI,0
PIE,LT,0
PIE,ISIL,0
PIE,JIE,0
OPM,Ninjas,0
OPM,FRETILN,0
OPM,HKBP,1
OPM,ETE,2
OPM,ETY,0
OPM,GAM,4
OPM,PIE,2
OPM,FALINTIL,1
OPM,NCMR,1
OPM,Irianese,1
OPM,Mob,0
OPM,Opposition,1
OPM,Youth,2
OPM,MM,0
OPM,Timorese S,0
OPM,MY,0
OPM,Timorese C,0
OPM,Muslims,1
OPM,Timorese G,1
OPM,PP,0
OPM,Aitarak,0
OPM,BMPM,1
OPM,AIE,0
OPM,PDR,0
OPM,Separatists,3
OPM,Mahidi,1
OPM,JI,0
OPM,Militia,0
OPM,Gunmen,2
OPM,KAK,0
OPM,ME,4
OPM,FPI,1
OPM,Dayak,1
OPM,Villagers,0
OPM,Mujahedin K,0
OPM,Laskar Jihad,0
OPM,Extremists,0
OPM,Mujahidin A,0
OPM,AGAP,0
OPM,JAT,1
OPM,MIT,7
OPM,WIM,1
OPM,JAD,3
OPM,CE,1
OPM,PPI,0
OPM,LT,1
OPM,ISIL,0
OPM,JIE,0
FALINTIL,Ninjas,0
FALINTIL,FRETILN,0
FALINTIL,HKBP,1
FALINTIL,ETE,1
FALINTIL,ETY,0
FALINTIL,GAM,0
FALINTIL,PIE,1
FALINTIL,OPM,1
FALINTIL,NCMR,0
FALINTIL,Irianese,0
FALINTIL,Mob,0
FALINTIL,Opposition,0
FALINTIL,Youth,0
FALINTIL,MM,0
FALINTIL,Timorese S,0
FALINTIL,MY,0
FALINTIL,Timorese C,0
FALINTIL,Muslims,0
FALINTIL,Timorese G,0
FALINTIL,PP,0
FALINTIL,Aitarak,0
FALINTIL,BMPM,0
FALINTIL,AIE,0
FALINTIL,PDR,0
FALINTIL,Separatists,0
FALINTIL,Mahidi,0
FALINTIL,JI,0
FALINTIL,Militia,0
FALINTIL,Gunmen,0
FALINTIL,KAK,0
FALINTIL,ME,0
FALINTIL,FPI,0
FALINTIL,Dayak,0
FALINTIL,Villagers,0
FALINTIL,Mujahedin K,0
FALINTIL,Laskar Jihad,0
FALINTIL,Extremists,0
FALINTIL,Mujahidin A,0
FALINTIL,AGAP,0
FALINTIL,JAT,0
FALINTIL,MIT,0
FALINTIL,WIM,0
FALINTIL,JAD,0
FALINTIL,CE,0
FALINTIL,PPI,0
FALINTIL,LT,0
FALINTIL,ISIL,0
FALINTIL,JIE,0
NCMR,Ninjas,0
NCMR,FRETILN,0
NCMR,HKBP,0
NCMR,ETE,0
NCMR,ETY,0
NCMR,GAM,0
NCMR,PIE,0
NCMR,OPM,1
NCMR,FALINTIL,0
NCMR,Irianese,1
NCMR,Mob,0
NCMR,Opposition,0
NCMR,Youth,0
NCMR,MM,0
NCMR,Timorese S,0
NCMR,MY,0
NCMR,Timorese C,0
NCMR,Muslims,0
NCMR,Timorese G,0
NCMR,PP,0
NCMR,Aitarak,0
NCMR,BMPM,0
NCMR,AIE,0
NCMR,PDR,0
NCMR,Separatists,0
NCMR,Mahidi,0
NCMR,JI,0
NCMR,Militia,0
NCMR,Gunmen,0
NCMR,KAK,0
NCMR,ME,0
NCMR,FPI,0
NCMR,Dayak,0
NCMR,Villagers,0
NCMR,Mujahedin K,0
NCMR,Laskar Jihad,0
NCMR,Extremists,0
NCMR,Mujahidin A,0
NCMR,AGAP,0
NCMR,JAT,0
NCMR,MIT,0
NCMR,WIM,0
NCMR,JAD,0
NCMR,CE,0
NCMR,PPI,0
NCMR,LT,0
NCMR,ISIL,0
NCMR,JIE,0
Irianese,Ninjas,0
Irianese,FRETILN,0
Irianese,HKBP,0
Irianese,ETE,0
Irianese,ETY,0
Irianese,GAM,0
Irianese,PIE,0
Irianese,OPM,1
Irianese,FALINTIL,0
Irianese,NCMR,1
Irianese,Mob,0
Irianese,Opposition,0
Irianese,Youth,0
Irianese,MM,0
Irianese,Timorese S,0
Irianese,MY,0
Irianese,Timorese C,0
Irianese,Muslims,0
Irianese,Timorese G,0
Irianese,PP,0
Irianese,Aitarak,0
Irianese,BMPM,0
Irianese,AIE,0
Irianese,PDR,0
Irianese,Separatists,0
Irianese,Mahidi,0
Irianese,JI,0
Irianese,Militia,0
Irianese,Gunmen,0
Irianese,KAK,0
Irianese,ME,0
Irianese,FPI,0
Irianese,Dayak,0
Irianese,Villagers,0
Irianese,Mujahedin K,0
Irianese,Laskar Jihad,0
Irianese,Extremists,0
Irianese,Mujahidin A,0
Irianese,AGAP,0
Irianese,JAT,0
Irianese,MIT,0
Irianese,WIM,0
Irianese,JAD,0
Irianese,CE,0
Irianese,PPI,0
Irianese,LT,0
Irianese,ISIL,0
Irianese,JIE,0
Mob,Ninjas,0
Mob,FRETILN,0
Mob,HKBP,0
Mob,ETE,0
Mob,ETY,0
Mob,GAM,0
Mob,PIE,0
Mob,OPM,0
Mob,FALINTIL,0
Mob,NCMR,0
Mob,Irianese,0
Mob,Opposition,0
Mob,Youth,0
Mob,MM,0
Mob,Timorese S,0
Mob,MY,0
Mob,Timorese C,0
Mob,Muslims,0
Mob,Timorese G,0
Mob,PP,0
Mob,Aitarak,0
Mob,BMPM,0
Mob,AIE,0
Mob,PDR,0
Mob,Separatists,0
Mob,Mahidi,0
Mob,JI,0
Mob,Militia,0
Mob,Gunmen,0
Mob,KAK,0
Mob,ME,0
Mob,FPI,0
Mob,Dayak,0
Mob,Villagers,0
Mob,Mujahedin K,0
Mob,Laskar Jihad,0
Mob,Extremists,0
Mob,Mujahidin A,0
Mob,AGAP,0
Mob,JAT,0
Mob,MIT,0
Mob,WIM,0
Mob,JAD,0
Mob,CE,0
Mob,PPI,0
Mob,LT,0
Mob,ISIL,0
Mob,JIE,0
Opposition,Ninjas,0
Opposition,FRETILN,0
Opposition,HKBP,0
Opposition,ETE,0
Opposition,ETY,0
Opposition,GAM,0
Opposition,PIE,0
Opposition,OPM,1
Opposition,FALINTIL,0
Opposition,NCMR,0
Opposition,Irianese,0
Opposition,Mob,0
Opposition,Youth,1
Opposition,MM,0
Opposition,Timorese S,0
Opposition,MY,0
Opposition,Timorese C,0
Opposition,Muslims,0
Opposition,Timorese G,0
Opposition,PP,0
Opposition,Aitarak,0
Opposition,BMPM,0
Opposition,AIE,0
Opposition,PDR,0
Opposition,Separatists,0
Opposition,Mahidi,0
Opposition,JI,0
Opposition,Militia,0
Opposition,Gunmen,0
Opposition,KAK,0
Opposition,ME,0
Opposition,FPI,0
Opposition,Dayak,0
Opposition,Villagers,0
Opposition,Mujahedin K,0
Opposition,Laskar Jihad,0
Opposition,Extremists,0
Opposition,Mujahidin A,0
Opposition,AGAP,0
Opposition,JAT,0
Opposition,MIT,0
Opposition,WIM,0
Opposition,JAD,0
Opposition,CE,0
Opposition,PPI,0
Opposition,LT,0
Opposition,ISIL,0
Opposition,JIE,0
Youth,Ninjas,0
Youth,FRETILN,0
Youth,HKBP,0
Youth,ETE,1
Youth,ETY,0
Youth,GAM,0
Youth,PIE,0
Youth,OPM,2
Youth,FALINTIL,0
Youth,NCMR,0
Youth,Irianese,0
Youth,Mob,0
Youth,Opposition,1
Youth,MM,0
Youth,Timorese S,0
Youth,MY,0
Youth,Timorese C,0
Youth,Muslims,1
Youth,Timorese G,1
Youth,PP,0
Youth,Aitarak,0
Youth,BMPM,0
Youth,AIE,0
Youth,PDR,0
Youth,Separatists,0
Youth,Mahidi,0
Youth,JI,0
Youth,Militia,0
Youth,Gunmen,0
Youth,KAK,0
Youth,ME,0
Youth,FPI,0
Youth,Dayak,0
Youth,Villagers,0
Youth,Mujahedin K,0
Youth,Laskar Jihad,0
Youth,Extremists,0
Youth,Mujahidin A,0
Youth,AGAP,0
Youth,JAT,0
Youth,MIT,0
Youth,WIM,0
Youth,JAD,0
Youth,CE,0
Youth,PPI,0
Youth,LT,0
Youth,ISIL,0
Youth,JIE,0
MM,Ninjas,0
MM,FRETILN,1
MM,HKBP,0
MM,ETE,1
MM,ETY,1
MM,GAM,0
MM,PIE,0
MM,OPM,0
MM,FALINTIL,0
MM,NCMR,0
MM,Irianese,0
MM,Mob,0
MM,Opposition,0
MM,Youth,0
MM,Timorese S,1
MM,MY,0
MM,Timorese C,0
MM,Muslims,0
MM,Timorese G,0
MM,PP,0
MM,Aitarak,0
MM,BMPM,0
MM,AIE,0
MM,PDR,0
MM,Separatists,0
MM,Mahidi,0
MM,JI,0
MM,Militia,0
MM,Gunmen,0
MM,KAK,0
MM,ME,0
MM,FPI,0
MM,Dayak,0
MM,Villagers,0
MM,Mujahedin K,0
MM,Laskar Jihad,0
MM,Extremists,0
MM,Mujahidin A,0
MM,AGAP,0
MM,JAT,0
MM,MIT,0
MM,WIM,0
MM,JAD,0
MM,CE,0
MM,PPI,0
MM,LT,0
MM,ISIL,0
MM,JIE,0
Timorese S,Ninjas,0
Timorese S,FRETILN,1
Timorese S,HKBP,0
Timorese S,ETE,1
Timorese S,ETY,1
Timorese S,GAM,0
Timorese S,PIE,0
Timorese S,OPM,0
Timorese S,FALINTIL,0
Timorese S,NCMR,0
Timorese S,Irianese,0
Timorese S,Mob,0
Timorese S,Opposition,0
Timorese S,Youth,0
Timorese S,MM,1
Timorese S,MY,0
Timorese S,Timorese C,0
Timorese S,Muslims,0
Timorese S,Timorese G,0
Timorese S,PP,0
Timorese S,Aitarak,0
Timorese S,BMPM,0
Timorese S,AIE,0
Timorese S,PDR,0
Timorese S,Separatists,0
Timorese S,Mahidi,0
Timorese S,JI,0
Timorese S,Militia,0
Timorese S,Gunmen,0
Timorese S,KAK,0
Timorese S,ME,0
Timorese S,FPI,0
Timorese S,Dayak,0
Timorese S,Villagers,0
Timorese S,Mujahedin K,0
Timorese S,Laskar Jihad,0
Timorese S,Extremists,0
Timorese S,Mujahidin A,0
Timorese S,AGAP,0
Timorese S,JAT,0
Timorese S,MIT,0
Timorese S,WIM,0
Timorese S,JAD,0
Timorese S,CE,0
Timorese S,PPI,0
Timorese S,LT,0
Timorese S,ISIL,0
Timorese S,JIE,0
MY,Ninjas,0
MY,FRETILN,0
MY,HKBP,0
MY,ETE,1
MY,ETY,0
MY,GAM,0
MY,PIE,0
MY,OPM,0
MY,FALINTIL,0
MY,NCMR,0
MY,Irianese,0
MY,Mob,0
MY,Opposition,0
MY,Youth,0
MY,MM,0
MY,Timorese S,0
MY,Timorese C,1
MY,Muslims,0
MY,Timorese G,0
MY,PP,0
MY,Aitarak,0
MY,BMPM,0
MY,AIE,0
MY,PDR,0
MY,Separatists,0
MY,Mahidi,0
MY,JI,0
MY,Militia,0
MY,Gunmen,0
MY,KAK,0
MY,ME,0
MY,FPI,0
MY,Dayak,0
MY,Villagers,0
MY,Mujahedin K,0
MY,Laskar Jihad,0
MY,Extremists,0
MY,Mujahidin A,0
MY,AGAP,0
MY,JAT,0
MY,MIT,0
MY,WIM,0
MY,JAD,0
MY,CE,0
MY,PPI,0
MY,LT,0
MY,ISIL,0
MY,JIE,0
Timorese C,Ninjas,0
Timorese C,FRETILN,0
Timorese C,HKBP,0
Timorese C,ETE,1
Timorese C,ETY,0
Timorese C,GAM,0
Timorese C,PIE,0
Timorese C,OPM,0
Timorese C,FALINTIL,0
Timorese C,NCMR,0
Timorese C,Irianese,0
Timorese C,Mob,0
Timorese C,Opposition,0
Timorese C,Youth,0
Timorese C,MM,0
Timorese C,Timorese S,0
Timorese C,MY,1
Timorese C,Muslims,0
Timorese C,Timorese G,0
Timorese C,PP,0
Timorese C,Aitarak,0
Timorese C,BMPM,0
Timorese C,AIE,0
Timorese C,PDR,0
Timorese C,Separatists,0
Timorese C,Mahidi,0
Timorese C,JI,0
Timorese C,Militia,0
Timorese C,Gunmen,0
Timorese C,KAK,0
Timorese C,ME,0
Timorese C,FPI,0
Timorese C,Dayak,0
Timorese C,Villagers,0
Timorese C,Mujahedin K,0
Timorese C,Laskar Jihad,0
Timorese C,Extremists,0
Timorese C,Mujahidin A,0
Timorese C,AGAP,0
Timorese C,JAT,0
Timorese C,MIT,0
Timorese C,WIM,0
Timorese C,JAD,0
Timorese C,CE,0
Timorese C,PPI,0
Timorese C,LT,0
Timorese C,ISIL,0
Timorese C,JIE,0
Muslims,Ninjas,0
Muslims,FRETILN,0
Muslims,HKBP,0
Muslims,ETE,1
Muslims,ETY,0
Muslims,GAM,1
Muslims,PIE,0
Muslims,OPM,1
Muslims,FALINTIL,0
Muslims,NCMR,0
Muslims,Irianese,0
Muslims,Mob,0
Muslims,Opposition,0
Muslims,Youth,1
Muslims,MM,0
Muslims,Timorese S,0
Muslims,MY,0
Muslims,Timorese C,0
Muslims,Timorese G,1
Muslims,PP,0
Muslims,Aitarak,0
Muslims,BMPM,0
Muslims,AIE,0
Muslims,PDR,0
Muslims,Separatists,0
Muslims,Mahidi,0
Muslims,JI,1
Muslims,Militia,0
Muslims,Gunmen,0
Muslims,KAK,0
Muslims,ME,1
Muslims,FPI,1
Muslims,Dayak,0
Muslims,Villagers,0
Muslims,Mujahedin K,0
Muslims,Laskar Jihad,0
Muslims,Extremists,0
Muslims,Mujahidin A,0
Muslims,AGAP,0
Muslims,JAT,0
Muslims,MIT,0
Muslims,WIM,0
Muslims,JAD,0
Muslims,CE,0
Muslims,PPI,0
Muslims,LT,0
Muslims,ISIL,0
Muslims,JIE,0
Timorese G,Ninjas,0
Timorese G,FRETILN,0
Timorese G,HKBP,0
Timorese G,ETE,1
Timorese G,ETY,0
Timorese G,GAM,0
Timorese G,PIE,0
Timorese G,OPM,1
Timorese G,FALINTIL,0
Timorese G,NCMR,0
Timorese G,Irianese,0
Timorese G,Mob,0
Timorese G,Opposition,0
Timorese G,Youth,1
Timorese G,MM,0
Timorese G,Timorese S,0
Timorese G,MY,0
Timorese G,Timorese C,0
Timorese G,Muslims,1
Timorese G,PP,0
Timorese G,Aitarak,0
Timorese G,BMPM,0
Timorese G,AIE,0
Timorese G,PDR,0
Timorese G,Separatists,0
Timorese G,Mahidi,0
Timorese G,JI,0
Timorese G,Militia,0
Timorese G,Gunmen,0
Timorese G,KAK,0
Timorese G,ME,0
Timorese G,FPI,0
Timorese G,Dayak,0
Timorese G,Villagers,0
Timorese G,Mujahedin K,0
Timorese G,Laskar Jihad,0
Timorese G,Extremists,0
Timorese G,Mujahidin A,0
Timorese G,AGAP,0
Timorese G,JAT,0
Timorese G,MIT,0
Timorese G,WIM,0
Timorese G,JAD,0
Timorese G,CE,0
Timorese G,PPI,0
Timorese G,LT,0
Timorese G,ISIL,0
Timorese G,JIE,0
PP,Ninjas,0
PP,FRETILN,0
PP,HKBP,0
PP,ETE,0
PP,ETY,0
PP,GAM,1
PP,PIE,0
PP,OPM,0
PP,FALINTIL,0
PP,NCMR,0
PP,Irianese,0
PP,Mob,0
PP,Opposition,0
PP,Youth,0
PP,MM,0
PP,Timorese S,0
PP,MY,0
PP,Timorese C,0
PP,Muslims,0
PP,Timorese G,0
PP,Aitarak,1
PP,BMPM,1
PP,AIE,1
PP,PDR,1
PP,Separatists,1
PP,Mahidi,0
PP,JI,0
PP,Militia,0
PP,Gunmen,0
PP,KAK,0
PP,ME,0
PP,FPI,0
PP,Dayak,0
PP,Villagers,0
PP,Mujahedin K,0
PP,Laskar Jihad,0
PP,Extremists,0
PP,Mujahidin A,0
PP,AGAP,0
PP,JAT,0
PP,MIT,0
PP,WIM,0
PP,JAD,0
PP,CE,0
PP,PPI,0
PP,LT,0
PP,ISIL,0
PP,JIE,0
Aitarak,Ninjas,0
Aitarak,FRETILN,0
Aitarak,HKBP,0
Aitarak,ETE,0
Aitarak,ETY,0
Aitarak,GAM,1
Aitarak,PIE,0
Aitarak,OPM,0
Aitarak,FALINTIL,0
Aitarak,NCMR,0
Aitarak,Irianese,0
Aitarak,Mob,0
Aitarak,Opposition,0
Aitarak,Youth,0
Aitarak,MM,0
Aitarak,Timorese S,0
Aitarak,MY,0
Aitarak,Timorese C,0
Aitarak,Muslims,0
Aitarak,Timorese G,0
Aitarak,PP,1
Aitarak,BMPM,1
Aitarak,AIE,1
Aitarak,PDR,1
Aitarak,Separatists,1
Aitarak,Mahidi,0
Aitarak,JI,0
Aitarak,Militia,0
Aitarak,Gunmen,0
Aitarak,KAK,0
Aitarak,ME,0
Aitarak,FPI,0
Aitarak,Dayak,0
Aitarak,Villagers,0
Aitarak,Mujahedin K,0
Aitarak,Laskar Jihad,0
Aitarak,Extremists,0
Aitarak,Mujahidin A,0
Aitarak,AGAP,0
Aitarak,JAT,0
Aitarak,MIT,0
Aitarak,WIM,0
Aitarak,JAD,0
Aitarak,CE,0
Aitarak,PPI,0
Aitarak,LT,0
Aitarak,ISIL,0
Aitarak,JIE,0
BMPM,Ninjas,0
BMPM,FRETILN,0
BMPM,HKBP,0
BMPM,ETE,0
BMPM,ETY,0
BMPM,GAM,2
BMPM,PIE,1
BMPM,OPM,1
BMPM,FALINTIL,0
BMPM,NCMR,0
BMPM,Irianese,0
BMPM,Mob,0
BMPM,Opposition,0
BMPM,Youth,0
BMPM,MM,0
BMPM,Timorese S,0
BMPM,MY,0
BMPM,Timorese C,0
BMPM,Muslims,0
BMPM,Timorese G,0
BMPM,PP,1
BMPM,Aitarak,1
BMPM,AIE,1
BMPM,PDR,1
BMPM,Separatists,2
BMPM,Mahidi,1
BMPM,JI,0
BMPM,Militia,0
BMPM,Gunmen,0
BMPM,KAK,0
BMPM,ME,0
BMPM,FPI,0
BMPM,Dayak,0
BMPM,Villagers,0
BMPM,Mujahedin K,0
BMPM,Laskar Jihad,0
BMPM,Extremists,0
BMPM,Mujahidin A,0
BMPM,AGAP,0
BMPM,JAT,0
BMPM,MIT,0
BMPM,WIM,0
BMPM,JAD,0
BMPM,CE,0
BMPM,PPI,0
BMPM,LT,0
BMPM,ISIL,0
BMPM,JIE,0
AIE,Ninjas,0
AIE,FRETILN,0
AIE,HKBP,0
AIE,ETE,0
AIE,ETY,0
AIE,GAM,1
AIE,PIE,0
AIE,OPM,0
AIE,FALINTIL,0
AIE,NCMR,0
AIE,Irianese,0
AIE,Mob,0
AIE,Opposition,0
AIE,Youth,0
AIE,MM,0
AIE,Timorese S,0
AIE,MY,0
AIE,Timorese C,0
AIE,Muslims,0
AIE,Timorese G,0
AIE,PP,1
AIE,Aitarak,1
AIE,BMPM,1
AIE,PDR,1
AIE,Separatists,1
AIE,Mahidi,0
AIE,JI,0
AIE,Militia,0
AIE,Gunmen,0
AIE,KAK,0
AIE,ME,0
AIE,FPI,0
AIE,Dayak,0
AIE,Villagers,0
AIE,Mujahedin K,0
AIE,Laskar Jihad,0
AIE,Extremists,0
AIE,Mujahidin A,0
AIE,AGAP,0
AIE,JAT,0
AIE,MIT,0
AIE,WIM,0
AIE,JAD,0
AIE,CE,0
AIE,PPI,0
AIE,LT,0
AIE,ISIL,0
AIE,JIE,0
PDR,Ninjas,0
PDR,FRETILN,0
PDR,HKBP,0
PDR,ETE,0
PDR,ETY,0
PDR,GAM,1
PDR,PIE,0
PDR,OPM,0
PDR,FALINTIL,0
PDR,NCMR,0
PDR,Irianese,0
PDR,Mob,0
PDR,Opposition,0
PDR,Youth,0
PDR,MM,0
PDR,Timorese S,0
PDR,MY,0
PDR,Timorese C,0
PDR,Muslims,0
PDR,Timorese G,0
PDR,PP,1
PDR,Aitarak,1
PDR,BMPM,1
PDR,AIE,1
PDR,Separatists,1
PDR,Mahidi,0
PDR,JI,0
PDR,Militia,0
PDR,Gunmen,0
PDR,KAK,0
PDR,ME,0
PDR,FPI,0
PDR,Dayak,0
PDR,Villagers,0
PDR,Mujahedin K,0
PDR,Laskar Jihad,0
PDR,Extremists,0
PDR,Mujahidin A,0
PDR,AGAP,0
PDR,JAT,0
PDR,MIT,0
PDR,WIM,0
PDR,JAD,0
PDR,CE,0
PDR,PPI,0
PDR,LT,0
PDR,ISIL,0
PDR,JIE,0
Separatists,Ninjas,0
Separatists,FRETILN,0
Separatists,HKBP,0
Separatists,ETE,0
Separatists,ETY,0
Separatists,GAM,3
Separatists,PIE,1
Separatists,OPM,3
Separatists,FALINTIL,0
Separatists,NCMR,0
Separatists,Irianese,0
Separatists,Mob,0
Separatists,Opposition,0
Separatists,Youth,0
Separatists,MM,0
Separatists,Timorese S,0
Separatists,MY,0
Separatists,Timorese C,0
Separatists,Muslims,0
Separatists,Timorese G,0
Separatists,PP,1
Separatists,Aitarak,1
Separatists,BMPM,2
Separatists,AIE,1
Separatists,PDR,1
Separatists,Mahidi,1
Separatists,JI,0
Separatists,Militia,0
Separatists,Gunmen,0
Separatists,KAK,0
Separatists,ME,0
Separatists,FPI,0
Separatists,Dayak,0
Separatists,Villagers,0
Separatists,Mujahedin K,0
Separatists,Laskar Jihad,0
Separatists,Extremists,0
Separatists,Mujahidin A,0
Separatists,AGAP,0
Separatists,JAT,0
Separatists,MIT,2
Separatists,WIM,0
Separatists,JAD,0
Separatists,CE,0
Separatists,PPI,1
Separatists,LT,1
Separatists,ISIL,0
Separatists,JIE,0
Mahidi,Ninjas,0
Mahidi,FRETILN,0
Mahidi,HKBP,0
Mahidi,ETE,0
Mahidi,ETY,0
Mahidi,GAM,1
Mahidi,PIE,1
Mahidi,OPM,1
Mahidi,FALINTIL,0
Mahidi,NCMR,0
Mahidi,Irianese,0
Mahidi,Mob,0
Mahidi,Opposition,0
Mahidi,Youth,0
Mahidi,MM,0
Mahidi,Timorese S,0
Mahidi,MY,0
Mahidi,Timorese C,0
Mahidi,Muslims,0
Mahidi,Timorese G,0
Mahidi,PP,0
Mahidi,Aitarak,0
Mahidi,BMPM,1
Mahidi,AIE,0
Mahidi,PDR,0
Mahidi,Separatists,1
Mahidi,JI,0
Mahidi,Militia,0
Mahidi,Gunmen,0
Mahidi,KAK,0
Mahidi,ME,0
Mahidi,FPI,0
Mahidi,Dayak,0
Mahidi,Villagers,0
Mahidi,Mujahedin K,0
Mahidi,Laskar Jihad,0
Mahidi,Extremists,0
Mahidi,Mujahidin A,0
Mahidi,AGAP,0
Mahidi,JAT,0
Mahidi,MIT,0
Mahidi,WIM,0
Mahidi,JAD,0
Mahidi,CE,0
Mahidi,PPI,0
Mahidi,LT,0
Mahidi,ISIL,0
Mahidi,JIE,0
JI,Ninjas,0
JI,FRETILN,0
JI,HKBP,0
JI,ETE,0
JI,ETY,0
JI,GAM,6
JI,PIE,0
JI,OPM,0
JI,FALINTIL,0
JI,NCMR,0
JI,Irianese,0
JI,Mob,0
JI,Opposition,0
JI,Youth,0
JI,MM,0
JI,Timorese S,0
JI,MY,0
JI,Timorese C,0
JI,Muslims,1
JI,Timorese G,0
JI,PP,0
JI,Aitarak,0
JI,BMPM,0
JI,AIE,0
JI,PDR,0
JI,Separatists,0
JI,Mahidi,0
JI,Militia,1
JI,Gunmen,1
JI,KAK,1
JI,ME,1
JI,FPI,1
JI,Dayak,0
JI,Villagers,0
JI,Mujahedin K,0
JI,Laskar Jihad,0
JI,Extremists,1
JI,Mujahidin A,0
JI,AGAP,0
JI,JAT,0
JI,MIT,0
JI,WIM,0
JI,JAD,0
JI,CE,0
JI,PPI,0
JI,LT,0
JI,ISIL,0
JI,JIE,0
Militia,Ninjas,0
Militia,FRETILN,0
Militia,HKBP,0
Militia,ETE,0
Militia,ETY,0
Militia,GAM,1
Militia,PIE,0
Militia,OPM,0
Militia,FALINTIL,0
Militia,NCMR,0
Militia,Irianese,0
Militia,Mob,0
Militia,Opposition,0
Militia,Youth,0
Militia,MM,0
Militia,Timorese S,0
Militia,MY,0
Militia,Timorese C,0
Militia,Muslims,0
Militia,Timorese G,0
Militia,PP,0
Militia,Aitarak,0
Militia,BMPM,0
Militia,AIE,0
Militia,PDR,0
Militia,Separatists,0
Militia,Mahidi,0
Militia,JI,1
Militia,Gunmen,1
Militia,KAK,1
Militia,ME,0
Militia,FPI,0
Militia,Dayak,0
Militia,Villagers,0
Militia,Mujahedin K,0
Militia,Laskar Jihad,0
Militia,Extremists,0
Militia,Mujahidin A,0
Militia,AGAP,0
Militia,JAT,0
Militia,MIT,0
Militia,WIM,0
Militia,JAD,0
Militia,CE,0
Militia,PPI,0
Militia,LT,0
Militia,ISIL,0
Militia,JIE,0
Gunmen,Ninjas,0
Gunmen,FRETILN,0
Gunmen,HKBP,0
Gunmen,ETE,0
Gunmen,ETY,0
Gunmen,GAM,3
Gunmen,PIE,0
Gunmen,OPM,2
Gunmen,FALINTIL,0
Gunmen,NCMR,0
Gunmen,Irianese,0
Gunmen,Mob,0
Gunmen,Opposition,0
Gunmen,Youth,0
Gunmen,MM,0
Gunmen,Timorese S,0
Gunmen,MY,0
Gunmen,Timorese C,0
Gunmen,Muslims,0
Gunmen,Timorese G,0
Gunmen,PP,0
Gunmen,Aitarak,0
Gunmen,BMPM,0
Gunmen,AIE,0
Gunmen,PDR,0
Gunmen,Separatists,0
Gunmen,Mahidi,0
Gunmen,JI,1
Gunmen,Militia,1
Gunmen,KAK,1
Gunmen,ME,1
Gunmen,FPI,0
Gunmen,Dayak,1
Gunmen,Villagers,0
Gunmen,Mujahedin K,0
Gunmen,Laskar Jihad,0
Gunmen,Extremists,0
Gunmen,Mujahidin A,0
Gunmen,AGAP,0
Gunmen,JAT,0
Gunmen,MIT,0
Gunmen,WIM,0
Gunmen,JAD,0
Gunmen,CE,0
Gunmen,PPI,0
Gunmen,LT,0
Gunmen,ISIL,0
Gunmen,JIE,0
KAK,Ninjas,0
KAK,FRETILN,0
KAK,HKBP,0
KAK,ETE,0
KAK,ETY,0
KAK,GAM,1
KAK,PIE,0
KAK,OPM,0
KAK,FALINTIL,0
KAK,NCMR,0
KAK,Irianese,0
KAK,Mob,0
KAK,Opposition,0
KAK,Youth,0
KAK,MM,0
KAK,Timorese S,0
KAK,MY,0
KAK,Timorese C,0
KAK,Muslims,0
KAK,Timorese G,0
KAK,PP,0
KAK,Aitarak,0
KAK,BMPM,0
KAK,AIE,0
KAK,PDR,0
KAK,Separatists,0
KAK,Mahidi,0
KAK,JI,1
KAK,Militia,1
KAK,Gunmen,1
KAK,ME,0
KAK,FPI,0
KAK,Dayak,0
KAK,Villagers,0
KAK,Mujahedin K,0
KAK,Laskar Jihad,0
KAK,Extremists,0
KAK,Mujahidin A,0
KAK,AGAP,0
KAK,JAT,0
KAK,MIT,0
KAK,WIM,0
KAK,JAD,0
KAK,CE,0
KAK,PPI,0
KAK,LT,0
KAK,ISIL,0
KAK,JIE,0
ME,Ninjas,0
ME,FRETILN,0
ME,HKBP,0
ME,ETE,0
ME,ETY,0
ME,GAM,3
ME,PIE,0
ME,OPM,4
ME,FALINTIL,0
ME,NCMR,0
ME,Irianese,0
ME,Mob,0
ME,Opposition,0
ME,Youth,0
ME,MM,0
ME,Timorese S,0
ME,MY,0
ME,Timorese C,0
ME,Muslims,1
ME,Timorese G,0
ME,PP,0
ME,Aitarak,0
ME,BMPM,0
ME,AIE,0
ME,PDR,0
ME,Separatists,0
ME,Mahidi,0
ME,JI,1
ME,Militia,0
ME,Gunmen,1
ME,KAK,0
ME,FPI,1
ME,Dayak,0
ME,Villagers,0
ME,Mujahedin K,0
ME,Laskar Jihad,1
ME,Extremists,0
ME,Mujahidin A,0
ME,AGAP,0
ME,JAT,1
ME,MIT,4
ME,WIM,0
ME,JAD,1
ME,CE,1
ME,PPI,0
ME,LT,0
ME,ISIL,0
ME,JIE,0
FPI,Ninjas,0
FPI,FRETILN,0
FPI,HKBP,0
FPI,ETE,0
FPI,ETY,0
FPI,GAM,1
FPI,PIE,0
FPI,OPM,1
FPI,FALINTIL,0
FPI,NCMR,0
FPI,Irianese,0
FPI,Mob,0
FPI,Opposition,0
FPI,Youth,0
FPI,MM,0
FPI,Timorese S,0
FPI,MY,0
FPI,Timorese C,0
FPI,Muslims,1
FPI,Timorese G,0
FPI,PP,0
FPI,Aitarak,0
FPI,BMPM,0
FPI,AIE,0
FPI,PDR,0
FPI,Separatists,0
FPI,Mahidi,0
FPI,JI,1
FPI,Militia,0
FPI,Gunmen,0
FPI,KAK,0
FPI,ME,1
FPI,Dayak,0
FPI,Villagers,0
FPI,Mujahedin K,0
FPI,Laskar Jihad,0
FPI,Extremists,0
FPI,Mujahidin A,0
FPI,AGAP,0
FPI,JAT,0
FPI,MIT,0
FPI,WIM,0
FPI,JAD,0
FPI,CE,0
FPI,PPI,0
FPI,LT,0
FPI,ISIL,0
FPI,JIE,0
Dayak,Ninjas,0
Dayak,FRETILN,0
Dayak,HKBP,0
Dayak,ETE,0
Dayak,ETY,0
Dayak,GAM,1
Dayak,PIE,0
Dayak,OPM,1
Dayak,FALINTIL,0
Dayak,NCMR,0
Dayak,Irianese,0
Dayak,Mob,0
Dayak,Opposition,0
Dayak,Youth,0
Dayak,MM,0
Dayak,Timorese S,0
Dayak,MY,0
Dayak,Timorese C,0
Dayak,Muslims,0
Dayak,Timorese G,0
Dayak,PP,0
Dayak,Aitarak,0
Dayak,BMPM,0
Dayak,AIE,0
Dayak,PDR,0
Dayak,Separatists,0
Dayak,Mahidi,0
Dayak,JI,0
Dayak,Militia,0
Dayak,Gunmen,1
Dayak,KAK,0
Dayak,ME,0
Dayak,FPI,0
Dayak,Villagers,0
Dayak,Mujahedin K,0
Dayak,Laskar Jihad,0
Dayak,Extremists,0
Dayak,Mujahidin A,0
Dayak,AGAP,0
Dayak,JAT,0
Dayak,MIT,0
Dayak,WIM,0
Dayak,JAD,0
Dayak,CE,0
Dayak,PPI,0
Dayak,LT,0
Dayak,ISIL,0
Dayak,JIE,0
Villagers,Ninjas,0
Villagers,FRETILN,0
Villagers,HKBP,0
Villagers,ETE,0
Villagers,ETY,0
Villagers,GAM,1
Villagers,PIE,0
Villagers,OPM,0
Villagers,FALINTIL,0
Villagers,NCMR,0
Villagers,Irianese,0
Villagers,Mob,0
Villagers,Opposition,0
Villagers,Youth,0
Villagers,MM,0
Villagers,Timorese S,0
Villagers,MY,0
Villagers,Timorese C,0
Villagers,Muslims,0
Villagers,Timorese G,0
Villagers,PP,0
Villagers,Aitarak,0
Villagers,BMPM,0
Villagers,AIE,0
Villagers,PDR,0
Villagers,Separatists,0
Villagers,Mahidi,0
Villagers,JI,0
Villagers,Militia,0
Villagers,Gunmen,0
Villagers,KAK,0
Villagers,ME,0
Villagers,FPI,0
Villagers,Dayak,0
Villagers,Mujahedin K,1
Villagers,Laskar Jihad,1
Villagers,Extremists,0
Villagers,Mujahidin A,0
Villagers,AGAP,0
Villagers,JAT,0
Villagers,MIT,0
Villagers,WIM,0
Villagers,JAD,0
Villagers,CE,0
Villagers,PPI,0
Villagers,LT,0
Villagers,ISIL,0
Villagers,JIE,0
Mujahedin K,Ninjas,0
Mujahedin K,FRETILN,0
Mujahedin K,HKBP,0
Mujahedin K,ETE,0
Mujahedin K,ETY,0
Mujahedin K,GAM,1
Mujahedin K,PIE,0
Mujahedin K,OPM,0
Mujahedin K,FALINTIL,0
Mujahedin K,NCMR,0
Mujahedin K,Irianese,0
Mujahedin K,Mob,0
Mujahedin K,Opposition,0
Mujahedin K,Youth,0
Mujahedin K,MM,0
Mujahedin K,Timorese S,0
Mujahedin K,MY,0
Mujahedin K,Timorese C,0
Mujahedin K,Muslims,0
Mujahedin K,Timorese G,0
Mujahedin K,PP,0
Mujahedin K,Aitarak,0
Mujahedin K,BMPM,0
Mujahedin K,AIE,0
Mujahedin K,PDR,0
Mujahedin K,Separatists,0
Mujahedin K,Mahidi,0
Mujahedin K,JI,0
Mujahedin K,Militia,0
Mujahedin K,Gunmen,0
Mujahedin K,KAK,0
Mujahedin K,ME,0
Mujahedin K,FPI,0
Mujahedin K,Dayak,0
Mujahedin K,Villagers,1
Mujahedin K,Laskar Jihad,1
Mujahedin K,Extremists,0
Mujahedin K,Mujahidin A,0
Mujahedin K,AGAP,0
Mujahedin K,JAT,0
Mujahedin K,MIT,0
Mujahedin K,WIM,0
Mujahedin K,JAD,0
Mujahedin K,CE,0
Mujahedin K,PPI,0
Mujahedin K,LT,0
Mujahedin K,ISIL,0
Mujahedin K,JIE,0
Laskar Jihad,Ninjas,0
Laskar Jihad,FRETILN,0
Laskar Jihad,HKBP,0
Laskar Jihad,ETE,0
Laskar Jihad,ETY,0
Laskar Jihad,GAM,2
Laskar Jihad,PIE,0
Laskar Jihad,OPM,0
Laskar Jihad,FALINTIL,0
Laskar Jihad,NCMR,0
Laskar Jihad,Irianese,0
Laskar Jihad,Mob,0
Laskar Jihad,Opposition,0
Laskar Jihad,Youth,0
Laskar Jihad,MM,0
Laskar Jihad,Timorese S,0
Laskar Jihad,MY,0
Laskar Jihad,Timorese C,0
Laskar Jihad,Muslims,0
Laskar Jihad,Timorese G,0
Laskar Jihad,PP,0
Laskar Jihad,Aitarak,0
Laskar Jihad,BMPM,0
Laskar Jihad,AIE,0
Laskar Jihad,PDR,0
Laskar Jihad,Separatists,0
Laskar Jihad,Mahidi,0
Laskar Jihad,JI,0
Laskar Jihad,Militia,0
Laskar Jihad,Gunmen,0
Laskar Jihad,KAK,0
Laskar Jihad,ME,1
Laskar Jihad,FPI,0
Laskar Jihad,Dayak,0
Laskar Jihad,Villagers,1
Laskar Jihad,Mujahedin K,1
Laskar Jihad,Extremists,0
Laskar Jihad,Mujahidin A,0
Laskar Jihad,AGAP,0
Laskar Jihad,JAT,0
Laskar Jihad,MIT,0
Laskar Jihad,WIM,0
Laskar Jihad,JAD,0
Laskar Jihad,CE,0
Laskar Jihad,PPI,0
Laskar Jihad,LT,0
Laskar Jihad,ISIL,0
Laskar Jihad,JIE,0
Extremists,Ninjas,0
Extremists,FRETILN,0
Extremists,HKBP,0
Extremists,ETE,0
Extremists,ETY,0
Extremists,GAM,1
Extremists,PIE,0
Extremists,OPM,0
Extremists,FALINTIL,0
Extremists,NCMR,0
Extremists,Irianese,0
Extremists,Mob,0
Extremists,Opposition,0
Extremists,Youth,0
Extremists,MM,0
Extremists,Timorese S,0
Extremists,MY,0
Extremists,Timorese C,0
Extremists,Muslims,0
Extremists,Timorese G,0
Extremists,PP,0
Extremists,Aitarak,0
Extremists,BMPM,0
Extremists,AIE,0
Extremists,PDR,0
Extremists,Separatists,0
Extremists,Mahidi,0
Extremists,JI,1
Extremists,Militia,0
Extremists,Gunmen,0
Extremists,KAK,0
Extremists,ME,0
Extremists,FPI,0
Extremists,Dayak,0
Extremists,Villagers,0
Extremists,Mujahedin K,0
Extremists,Laskar Jihad,0
Extremists,Mujahidin A,0
Extremists,AGAP,0
Extremists,JAT,0
Extremists,MIT,0
Extremists,WIM,0
Extremists,JAD,0
Extremists,CE,0
Extremists,PPI,0
Extremists,LT,0
Extremists,ISIL,0
Extremists,JIE,0
Mujahidin A,Ninjas,0
Mujahidin A,FRETILN,0
Mujahidin A,HKBP,0
Mujahidin A,ETE,0
Mujahidin A,ETY,0
Mujahidin A,GAM,0
Mujahidin A,PIE,0
Mujahidin A,OPM,0
Mujahidin A,FALINTIL,0
Mujahidin A,NCMR,0
Mujahidin A,Irianese,0
Mujahidin A,Mob,0
Mujahidin A,Opposition,0
Mujahidin A,Youth,0
Mujahidin A,MM,0
Mujahidin A,Timorese S,0
Mujahidin A,MY,0
Mujahidin A,Timorese C,0
Mujahidin A,Muslims,0
Mujahidin A,Timorese G,0
Mujahidin A,PP,0
Mujahidin A,Aitarak,0
Mujahidin A,BMPM,0
Mujahidin A,AIE,0
Mujahidin A,PDR,0
Mujahidin A,Separatists,0
Mujahidin A,Mahidi,0
Mujahidin A,JI,0
Mujahidin A,Militia,0
Mujahidin A,Gunmen,0
Mujahidin A,KAK,0
Mujahidin A,ME,0
Mujahidin A,FPI,0
Mujahidin A,Dayak,0
Mujahidin A,Villagers,0
Mujahidin A,Mujahedin K,0
Mujahidin A,Laskar Jihad,0
Mujahidin A,Extremists,0
Mujahidin A,AGAP,0
Mujahidin A,JAT,0
Mujahidin A,MIT,0
Mujahidin A,WIM,0
Mujahidin A,JAD,0
Mujahidin A,CE,0
Mujahidin A,PPI,0
Mujahidin A,LT,0
Mujahidin A,ISIL,0
Mujahidin A,JIE,0
AGAP,Ninjas,0
AGAP,FRETILN,0
AGAP,HKBP,0
AGAP,ETE,0
AGAP,ETY,0
AGAP,GAM,0
AGAP,PIE,0
AGAP,OPM,0
AGAP,FALINTIL,0
AGAP,NCMR,0
AGAP,Irianese,0
AGAP,Mob,0
AGAP,Opposition,0
AGAP,Youth,0
AGAP,MM,0
AGAP,Timorese S,0
AGAP,MY,0
AGAP,Timorese C,0
AGAP,Muslims,0
AGAP,Timorese G,0
AGAP,PP,0
AGAP,Aitarak,0
AGAP,BMPM,0
AGAP,AIE,0
AGAP,PDR,0
AGAP,Separatists,0
AGAP,Mahidi,0
AGAP,JI,0
AGAP,Militia,0
AGAP,Gunmen,0
AGAP,KAK,0
AGAP,ME,0
AGAP,FPI,0
AGAP,Dayak,0
AGAP,Villagers,0
AGAP,Mujahedin K,0
AGAP,Laskar Jihad,0
AGAP,Extremists,0
AGAP,Mujahidin A,0
AGAP,JAT,0
AGAP,MIT,0
AGAP,WIM,0
AGAP,JAD,0
AGAP,CE,0
AGAP,PPI,0
AGAP,LT,0
AGAP,ISIL,0
AGAP,JIE,0
JAT,Ninjas,0
JAT,FRETILN,0
JAT,HKBP,0
JAT,ETE,0
JAT,ETY,0
JAT,GAM,0
JAT,PIE,0
JAT,OPM,1
JAT,FALINTIL,0
JAT,NCMR,0
JAT,Irianese,0
JAT,Mob,0
JAT,Opposition,0
JAT,Youth,0
JAT,MM,0
JAT,Timorese S,0
JAT,MY,0
JAT,Timorese C,0
JAT,Muslims,0
JAT,Timorese G,0
JAT,PP,0
JAT,Aitarak,0
JAT,BMPM,0
JAT,AIE,0
JAT,PDR,0
JAT,Separatists,0
JAT,Mahidi,0
JAT,JI,0
JAT,Militia,0
JAT,Gunmen,0
JAT,KAK,0
JAT,ME,1
JAT,FPI,0
JAT,Dayak,0
JAT,Villagers,0
JAT,Mujahedin K,0
JAT,Laskar Jihad,0
JAT,Extremists,0
JAT,Mujahidin A,0
JAT,AGAP,0
JAT,MIT,1
JAT,WIM,0
JAT,JAD,0
JAT,CE,0
JAT,PPI,0
JAT,LT,0
JAT,ISIL,0
JAT,JIE,0
MIT,Ninjas,0
MIT,FRETILN,0
MIT,HKBP,0
MIT,ETE,0
MIT,ETY,0
MIT,GAM,0
MIT,PIE,0
MIT,OPM,7
MIT,FALINTIL,0
MIT,NCMR,0
MIT,Irianese,0
MIT,Mob,0
MIT,Opposition,0
MIT,Youth,0
MIT,MM,0
MIT,Timorese S,0
MIT,MY,0
MIT,Timorese C,0
MIT,Muslims,0
MIT,Timorese G,0
MIT,PP,0
MIT,Aitarak,0
MIT,BMPM,0
MIT,AIE,0
MIT,PDR,0
MIT,Separatists,2
MIT,Mahidi,0
MIT,JI,0
MIT,Militia,0
MIT,Gunmen,0
MIT,KAK,0
MIT,ME,4
MIT,FPI,0
MIT,Dayak,0
MIT,Villagers,0
MIT,Mujahedin K,0
MIT,Laskar Jihad,0
MIT,Extremists,0
MIT,Mujahidin A,0
MIT,AGAP,0
MIT,JAT,1
MIT,WIM,1
MIT,JAD,2
MIT,CE,1
MIT,PPI,1
MIT,LT,1
MIT,ISIL,0
MIT,JIE,0
WIM,Ninjas,0
WIM,FRETILN,0
WIM,HKBP,0
WIM,ETE,0
WIM,ETY,0
WIM,GAM,0
WIM,PIE,0
WIM,OPM,1
WIM,FALINTIL,0
WIM,NCMR,0
WIM,Irianese,0
WIM,Mob,0
WIM,Opposition,0
WIM,Youth,0
WIM,MM,0
WIM,Timorese S,0
WIM,MY,0
WIM,Timorese C,0
WIM,Muslims,0
WIM,Timorese G,0
WIM,PP,0
WIM,Aitarak,0
WIM,BMPM,0
WIM,AIE,0
WIM,PDR,0
WIM,Separatists,0
WIM,Mahidi,0
WIM,JI,0
WIM,Militia,0
WIM,Gunmen,0
WIM,KAK,0
WIM,ME,0
WIM,FPI,0
WIM,Dayak,0
WIM,Villagers,0
WIM,Mujahedin K,0
WIM,Laskar Jihad,0
WIM,Extremists,0
WIM,Mujahidin A,0
WIM,AGAP,0
WIM,JAT,0
WIM,MIT,1
WIM,JAD,1
WIM,CE,0
WIM,PPI,0
WIM,LT,0
WIM,ISIL,0
WIM,JIE,0
JAD,Ninjas,0
JAD,FRETILN,0
JAD,HKBP,0
JAD,ETE,0
JAD,ETY,0
JAD,GAM,0
JAD,PIE,0
JAD,OPM,3
JAD,FALINTIL,0
JAD,NCMR,0
JAD,Irianese,0
JAD,Mob,0
JAD,Opposition,0
JAD,Youth,0
JAD,MM,0
JAD,Timorese S,0
JAD,MY,0
JAD,Timorese C,0
JAD,Muslims,0
JAD,Timorese G,0
JAD,PP,0
JAD,Aitarak,0
JAD,BMPM,0
JAD,AIE,0
JAD,PDR,0
JAD,Separatists,0
JAD,Mahidi,0
JAD,JI,0
JAD,Militia,0
JAD,Gunmen,0
JAD,KAK,0
JAD,ME,1
JAD,FPI,0
JAD,Dayak,0
JAD,Villagers,0
JAD,Mujahedin K,0
JAD,Laskar Jihad,0
JAD,Extremists,0
JAD,Mujahidin A,0
JAD,AGAP,0
JAD,JAT,0
JAD,MIT,2
JAD,WIM,1
JAD,CE,0
JAD,PPI,0
JAD,LT,1
JAD,ISIL,0
JAD,JIE,0
CE,Ninjas,0
CE,FRETILN,0
CE,HKBP,0
CE,ETE,0
CE,ETY,0
CE,GAM,0
CE,PIE,0
CE,OPM,1
CE,FALINTIL,0
CE,NCMR,0
CE,Irianese,0
CE,Mob,0
CE,Opposition,0
CE,Youth,0
CE,MM,0
CE,Timorese S,0
CE,MY,0
CE,Timorese C,0
CE,Muslims,0
CE,Timorese G,0
CE,PP,0
CE,Aitarak,0
CE,BMPM,0
CE,AIE,0
CE,PDR,0
CE,Separatists,0
CE,Mahidi,0
CE,JI,0
CE,Militia,0
CE,Gunmen,0
CE,KAK,0
CE,ME,1
CE,FPI,0
CE,Dayak,0
CE,Villagers,0
CE,Mujahedin K,0
CE,Laskar Jihad,0
CE,Extremists,0
CE,Mujahidin A,0
CE,AGAP,0
CE,JAT,0
CE,MIT,1
CE,WIM,0
CE,JAD,0
CE,PPI,0
CE,LT,0
CE,ISIL,0
CE,JIE,0
PPI,Ninjas,0
PPI,FRETILN,0
PPI,HKBP,0
PPI,ETE,0
PPI,ETY,0
PPI,GAM,0
PPI,PIE,0
PPI,OPM,0
PPI,FALINTIL,0
PPI,NCMR,0
PPI,Irianese,0
PPI,Mob,0
PPI,Opposition,0
PPI,Youth,0
PPI,MM,0
PPI,Timorese S,0
PPI,MY,0
PPI,Timorese C,0
PPI,Muslims,0
PPI,Timorese G,0
PPI,PP,0
PPI,Aitarak,0
PPI,BMPM,0
PPI,AIE,0
PPI,PDR,0
PPI,Separatists,1
PPI,Mahidi,0
PPI,JI,0
PPI,Militia,0
PPI,Gunmen,0
PPI,KAK,0
PPI,ME,0
PPI,FPI,0
PPI,Dayak,0
PPI,Villagers,0
PPI,Mujahedin K,0
PPI,Laskar Jihad,0
PPI,Extremists,0
PPI,Mujahidin A,0
PPI,AGAP,0
PPI,JAT,0
PPI,MIT,1
PPI,WIM,0
PPI,JAD,0
PPI,CE,0
PPI,LT,1
PPI,ISIL,0
PPI,JIE,0
LT,Ninjas,0
LT,FRETILN,0
LT,HKBP,0
LT,ETE,0
LT,ETY,0
LT,GAM,0
LT,PIE,0
LT,OPM,1
LT,FALINTIL,0
LT,NCMR,0
LT,Irianese,0
LT,Mob,0
LT,Opposition,0
LT,Youth,0
LT,MM,0
LT,Timorese S,0
LT,MY,0
LT,Timorese C,0
LT,Muslims,0
LT,Timorese G,0
LT,PP,0
LT,Aitarak,0
LT,BMPM,0
LT,AIE,0
LT,PDR,0
LT,Separatists,1
LT,Mahidi,0
LT,JI,0
LT,Militia,0
LT,Gunmen,0
LT,KAK,0
LT,ME,0
LT,FPI,0
LT,Dayak,0
LT,Villagers,0
LT,Mujahedin K,0
LT,Laskar Jihad,0
LT,Extremists,0
LT,Mujahidin A,0
LT,AGAP,0
LT,JAT,0
LT,MIT,1
LT,WIM,0
LT,JAD,1
LT,CE,0
LT,PPI,1
LT,ISIL,0
LT,JIE,0
ISIL,Ninjas,0
ISIL,FRETILN,0
ISIL,HKBP,0
ISIL,ETE,0
ISIL,ETY,0
ISIL,GAM,0
ISIL,PIE,0
ISIL,OPM,0
ISIL,FALINTIL,0
ISIL,NCMR,0
ISIL,Irianese,0
ISIL,Mob,0
ISIL,Opposition,0
ISIL,Youth,0
ISIL,MM,0
ISIL,Timorese S,0
ISIL,MY,0
ISIL,Timorese C,0
ISIL,Muslims,0
ISIL,Timorese G,0
ISIL,PP,0
ISIL,Aitarak,0
ISIL,BMPM,0
ISIL,AIE,0
ISIL,PDR,0
ISIL,Separatists,0
ISIL,Mahidi,0
ISIL,JI,0
ISIL,Militia,0
ISIL,Gunmen,0
ISIL,KAK,0
ISIL,ME,0
ISIL,FPI,0
ISIL,Dayak,0
ISIL,Villagers,0
ISIL,Mujahedin K,0
ISIL,Laskar Jihad,0
ISIL,Extremists,0
ISIL,Mujahidin A,0
ISIL,AGAP,0
ISIL,JAT,0
ISIL,MIT,0
ISIL,WIM,0
ISIL,JAD,0
ISIL,CE,0
ISIL,PPI,0
ISIL,LT,0
ISIL,JIE,1
JIE,Ninjas,0
JIE,FRETILN,0
JIE,HKBP,0
JIE,ETE,0
JIE,ETY,0
JIE,GAM,0
JIE,PIE,0
JIE,OPM,0
JIE,FALINTIL,0
JIE,NCMR,0
JIE,Irianese,0
JIE,Mob,0
JIE,Opposition,0
JIE,Youth,0
JIE,MM,0
JIE,Timorese S,0
JIE,MY,0
JIE,Timorese C,0
JIE,Muslims,0
JIE,Timorese G,0
JIE,PP,0
JIE,Aitarak,0
JIE,BMPM,0
JIE,AIE,0
JIE,PDR,0
JIE,Separatists,0
JIE,Mahidi,0
JIE,JI,0
JIE,Militia,0
JIE,Gunmen,0
JIE,KAK,0
JIE,ME,0
JIE,FPI,0
JIE,Dayak,0
JIE,Villagers,0
JIE,Mujahedin K,0
JIE,Laskar Jihad,0
JIE,Extremists,0
JIE,Mujahidin A,0
JIE,AGAP,0
JIE,JAT,0
JIE,MIT,0
JIE,WIM,0
JIE,JAD,0
JIE,CE,0
JIE,PPI,0
JIE,LT,0
JIE,ISIL,1
